[
  {
    "id": 0,
    "name": "Lula Strong",
    "followerIds": [],
    "postIds": [],
    "promoPostIds": []
  },
  {
    "id": 1,
    "name": "Mary Greene",
    "followerIds": [],
    "postIds": [],
    "promoPostIds": []
  },
  {
    "id": 2,
    "name": "Goldie Wilkinson",
    "followerIds": [],
    "postIds": [],
    "promoPostIds": []
  },
  {
    "id": 3,
    "name": "Nelson Dean",
    "followerIds": [],
    "postIds": [],
    "promoPostIds": []
  },
  {
    "id": 4,
    "name": "Shepherd Dejesus",
    "followerIds": [],
    "postIds": [],
    "promoPostIds": []
  },
  {
    "id": 5,
    "name": "Mcdaniel Adkins",
    "followerIds": [],
    "postIds": [],
    "promoPostIds": []
  },
  {
    "id": 6,
    "name": "Sharron Fischer",
    "followerIds": [],
    "postIds": [],
    "promoPostIds": []
  },
  {
    "id": 7,
    "name": "Padilla Payne",
    "followerIds": [],
    "postIds": [],
    "promoPostIds": []
  },
  {
    "id": 8,
    "name": "Gould Branch",
    "followerIds": [],
    "postIds": [],
    "promoPostIds": []
  },
  {
    "id": 9,
    "name": "Fitzpatrick Townsend",
    "followerIds": [],
    "postIds": [],
    "promoPostIds": []
  },
  {
    "id": 10,
    "name": "Reba Merrill",
    "followerIds": [],
    "postIds": [],
    "promoPostIds": []
  },
  {
    "id": 11,
    "name": "Rosario Hurley",
    "followerIds": [],
    "postIds": [],
    "promoPostIds": []
  },
  {
    "id": 12,
    "name": "Morgan Larsen",
    "followerIds": [],
    "postIds": [],
    "promoPostIds": []
  },
  {
    "id": 13,
    "name": "Annabelle Crosby",
    "followerIds": [],
    "postIds": [],
    "promoPostIds": []
  },
  {
    "id": 14,
    "name": "Christa Lloyd",
    "followerIds": [],
    "postIds": [],
    "promoPostIds": []
  },
  {
    "id": 15,
    "name": "Iris Carrillo",
    "followerIds": [],
    "postIds": [],
    "promoPostIds": []
  },
  {
    "id": 16,
    "name": "Wheeler Fuentes",
    "followerIds": [],
    "postIds": [],
    "promoPostIds": []
  },
  {
    "id": 17,
    "name": "Hendrix Gaines",
    "followerIds": [],
    "postIds": [],
    "promoPostIds": []
  },
  {
    "id": 18,
    "name": "Hernandez Holman",
    "followerIds": [],
    "postIds": [],
    "promoPostIds": []
  },
  {
    "id": 19,
    "name": "Ingrid Kim",
    "followerIds": [],
    "postIds": [],
    "promoPostIds": []
  },
  {
    "id": 20,
    "name": "Weaver Cote",
    "followerIds": [],
    "postIds": [],
    "promoPostIds": []
  },
  {
    "id": 21,
    "name": "Potter Chaney",
    "followerIds": [],
    "postIds": [],
    "promoPostIds": []
  },
  {
    "id": 22,
    "name": "Christy Jennings",
    "followerIds": [],
    "postIds": [],
    "promoPostIds": []
  },
  {
    "id": 23,
    "name": "Aimee Sharpe",
    "followerIds": [],
    "postIds": [],
    "promoPostIds": []
  },
  {
    "id": 24,
    "name": "Claire Miles",
    "followerIds": [],
    "postIds": [],
    "promoPostIds": []
  },
  {
    "id": 25,
    "name": "Vasquez Shannon",
    "followerIds": [],
    "postIds": [],
    "promoPostIds": []
  },
  {
    "id": 26,
    "name": "Snow Soto",
    "followerIds": [],
    "postIds": [],
    "promoPostIds": []
  },
  {
    "id": 27,
    "name": "Bond Clayton",
    "followerIds": [],
    "postIds": [],
    "promoPostIds": []
  },
  {
    "id": 28,
    "name": "Susana White",
    "followerIds": [],
    "postIds": [],
    "promoPostIds": []
  },
  {
    "id": 29,
    "name": "Mabel Gates",
    "followerIds": [],
    "postIds": [],
    "promoPostIds": []
  },
  {
    "id": 30,
    "name": "Sheri Parsons",
    "followerIds": [],
    "postIds": [],
    "promoPostIds": []
  },
  {
    "id": 31,
    "name": "Grimes Cardenas",
    "followerIds": [],
    "postIds": [],
    "promoPostIds": []
  },
  {
    "id": 32,
    "name": "Cherie Castaneda",
    "followerIds": [],
    "postIds": [],
    "promoPostIds": []
  },
  {
    "id": 33,
    "name": "Vance Jimenez",
    "followerIds": [],
    "postIds": [],
    "promoPostIds": []
  },
  {
    "id": 34,
    "name": "Marina Welch",
    "followerIds": [],
    "postIds": [],
    "promoPostIds": []
  },
  {
    "id": 35,
    "name": "Valarie England",
    "followerIds": [],
    "postIds": [],
    "promoPostIds": []
  },
  {
    "id": 36,
    "name": "Banks Mccormick",
    "followerIds": [],
    "postIds": [],
    "promoPostIds": []
  },
  {
    "id": 37,
    "name": "Glass Santiago",
    "followerIds": [],
    "postIds": [],
    "promoPostIds": []
  },
  {
    "id": 38,
    "name": "Daphne Olson",
    "followerIds": [],
    "postIds": [],
    "promoPostIds": []
  },
  {
    "id": 39,
    "name": "Jessie Parrish",
    "followerIds": [],
    "postIds": [],
    "promoPostIds": []
  },
  {
    "id": 40,
    "name": "Holcomb Gallagher",
    "followerIds": [],
    "postIds": [],
    "promoPostIds": []
  },
  {
    "id": 41,
    "name": "Zelma Mcneil",
    "followerIds": [],
    "postIds": [],
    "promoPostIds": []
  },
  {
    "id": 42,
    "name": "Alba Gamble",
    "followerIds": [],
    "postIds": [],
    "promoPostIds": []
  },
  {
    "id": 43,
    "name": "Kaitlin Wheeler",
    "followerIds": [],
    "postIds": [],
    "promoPostIds": []
  },
  {
    "id": 44,
    "name": "Bruce Lang",
    "followerIds": [],
    "postIds": [],
    "promoPostIds": []
  },
  {
    "id": 45,
    "name": "Greer Chang",
    "followerIds": [],
    "postIds": [],
    "promoPostIds": []
  },
  {
    "id": 46,
    "name": "Deloris Maxwell",
    "followerIds": [],
    "postIds": [],
    "promoPostIds": []
  },
  {
    "id": 47,
    "name": "Betsy Simmons",
    "followerIds": [],
    "postIds": [],
    "promoPostIds": []
  },
  {
    "id": 48,
    "name": "Angelique Keith",
    "followerIds": [],
    "postIds": [],
    "promoPostIds": []
  },
  {
    "id": 49,
    "name": "Kerry Byers",
    "followerIds": [],
    "postIds": [],
    "promoPostIds": []
  },
  {
    "id": 50,
    "name": "Edwina Campbell",
    "followerIds": [],
    "postIds": [],
    "promoPostIds": []
  },
  {
    "id": 51,
    "name": "Duke Robles",
    "followerIds": [],
    "postIds": [],
    "promoPostIds": []
  },
  {
    "id": 52,
    "name": "Holman Lamb",
    "followerIds": [],
    "postIds": [],
    "promoPostIds": []
  },
  {
    "id": 53,
    "name": "Donaldson Stevens",
    "followerIds": [],
    "postIds": [],
    "promoPostIds": []
  },
  {
    "id": 54,
    "name": "Oliver Reed",
    "followerIds": [],
    "postIds": [],
    "promoPostIds": []
  },
  {
    "id": 55,
    "name": "Nicole Decker",
    "followerIds": [],
    "postIds": [],
    "promoPostIds": []
  },
  {
    "id": 56,
    "name": "Abbott Stout",
    "followerIds": [],
    "postIds": [],
    "promoPostIds": []
  },
  {
    "id": 57,
    "name": "Annette Richards",
    "followerIds": [],
    "postIds": [],
    "promoPostIds": []
  },
  {
    "id": 58,
    "name": "Sims Mckay",
    "followerIds": [],
    "postIds": [],
    "promoPostIds": []
  },
  {
    "id": 59,
    "name": "Norma Morrison",
    "followerIds": [],
    "postIds": [],
    "promoPostIds": []
  },
  {
    "id": 60,
    "name": "Bettie Leblanc",
    "followerIds": [],
    "postIds": [],
    "promoPostIds": []
  },
  {
    "id": 61,
    "name": "Cora Boyd",
    "followerIds": [],
    "postIds": [],
    "promoPostIds": []
  },
  {
    "id": 62,
    "name": "Madden Ayala",
    "followerIds": [],
    "postIds": [],
    "promoPostIds": []
  },
  {
    "id": 63,
    "name": "Francis Hoffman",
    "followerIds": [],
    "postIds": [],
    "promoPostIds": []
  },
  {
    "id": 64,
    "name": "Pugh Fry",
    "followerIds": [],
    "postIds": [],
    "promoPostIds": []
  },
  {
    "id": 65,
    "name": "Bennett Briggs",
    "followerIds": [],
    "postIds": [],
    "promoPostIds": []
  },
  {
    "id": 66,
    "name": "Macias Chan",
    "followerIds": [],
    "postIds": [],
    "promoPostIds": []
  },
  {
    "id": 67,
    "name": "Olsen Reeves",
    "followerIds": [],
    "postIds": [],
    "promoPostIds": []
  },
  {
    "id": 68,
    "name": "Geneva Strickland",
    "followerIds": [],
    "postIds": [],
    "promoPostIds": []
  },
  {
    "id": 69,
    "name": "Melinda Torres",
    "followerIds": [],
    "postIds": [],
    "promoPostIds": []
  },
  {
    "id": 70,
    "name": "Massey Meadows",
    "followerIds": [],
    "postIds": [],
    "promoPostIds": []
  },
  {
    "id": 71,
    "name": "Berger Stein",
    "followerIds": [],
    "postIds": [],
    "promoPostIds": []
  },
  {
    "id": 72,
    "name": "Sykes Bowman",
    "followerIds": [],
    "postIds": [],
    "promoPostIds": []
  },
  {
    "id": 73,
    "name": "Kane Fitzpatrick",
    "followerIds": [],
    "postIds": [],
    "promoPostIds": []
  },
  {
    "id": 74,
    "name": "Finch Lott",
    "followerIds": [],
    "postIds": [],
    "promoPostIds": []
  },
  {
    "id": 75,
    "name": "Shields Ray",
    "followerIds": [],
    "postIds": [],
    "promoPostIds": []
  }
]