[
  {
    "id": 0,
    "name": "Elaine Reyes",
    "followingIds": []
  },
  {
    "id": 1,
    "name": "Zamora Le",
    "followingIds": []
  },
  {
    "id": 2,
    "name": "Livingston Parks",
    "followingIds": []
  },
  {
    "id": 3,
    "name": "Branch Kirkland",
    "followingIds": []
  },
  {
    "id": 4,
    "name": "Bridgette Carson",
    "followingIds": []
  },
  {
    "id": 5,
    "name": "Johanna Macias",
    "followingIds": []
  },
  {
    "id": 6,
    "name": "Leon Foster",
    "followingIds": []
  },
  {
    "id": 7,
    "name": "Mclean Odom",
    "followingIds": []
  },
  {
    "id": 8,
    "name": "Stefanie Kaufman",
    "followingIds": []
  },
  {
    "id": 9,
    "name": "Beulah Cunningham",
    "followingIds": []
  },
  {
    "id": 10,
    "name": "Christina Goodman",
    "followingIds": []
  },
  {
    "id": 11,
    "name": "Lessie Hanson",
    "followingIds": []
  },
  {
    "id": 12,
    "name": "Wagner Buckner",
    "followingIds": []
  },
  {
    "id": 13,
    "name": "Heather Owen",
    "followingIds": []
  },
  {
    "id": 14,
    "name": "Briggs Bradshaw",
    "followingIds": []
  },
  {
    "id": 15,
    "name": "Lillian Haney",
    "followingIds": []
  },
  {
    "id": 16,
    "name": "Yang Rasmussen",
    "followingIds": []
  },
  {
    "id": 17,
    "name": "Gena Larson",
    "followingIds": []
  },
  {
    "id": 18,
    "name": "Cantrell Moore",
    "followingIds": []
  },
  {
    "id": 19,
    "name": "Gabriela Baxter",
    "followingIds": []
  },
  {
    "id": 20,
    "name": "Armstrong Conway",
    "followingIds": []
  },
  {
    "id": 21,
    "name": "Mcbride Bass",
    "followingIds": []
  },
  {
    "id": 22,
    "name": "Brennan Gonzales",
    "followingIds": []
  },
  {
    "id": 23,
    "name": "Downs Stevens",
    "followingIds": []
  },
  {
    "id": 24,
    "name": "Cantu Calhoun",
    "followingIds": []
  },
  {
    "id": 25,
    "name": "Gordon Finch",
    "followingIds": []
  },
  {
    "id": 26,
    "name": "Fay Wiggins",
    "followingIds": []
  },
  {
    "id": 27,
    "name": "Darcy Mcknight",
    "followingIds": []
  },
  {
    "id": 28,
    "name": "Lakisha Fischer",
    "followingIds": []
  },
  {
    "id": 29,
    "name": "Ingrid Case",
    "followingIds": []
  },
  {
    "id": 30,
    "name": "Terry Conley",
    "followingIds": []
  },
  {
    "id": 31,
    "name": "Jimmie Mcguire",
    "followingIds": []
  },
  {
    "id": 32,
    "name": "Byrd Huber",
    "followingIds": []
  },
  {
    "id": 33,
    "name": "Kathy Slater",
    "followingIds": []
  },
  {
    "id": 34,
    "name": "Sweet Nixon",
    "followingIds": []
  },
  {
    "id": 35,
    "name": "Rene Travis",
    "followingIds": []
  },
  {
    "id": 36,
    "name": "Estella Farrell",
    "followingIds": []
  },
  {
    "id": 37,
    "name": "Calderon Bernard",
    "followingIds": []
  },
  {
    "id": 38,
    "name": "Watkins Madden",
    "followingIds": []
  },
  {
    "id": 39,
    "name": "Nolan Holloway",
    "followingIds": []
  },
  {
    "id": 40,
    "name": "Andrews Russo",
    "followingIds": []
  },
  {
    "id": 41,
    "name": "Eleanor Valdez",
    "followingIds": []
  }
]